port	year	month	month_index	quarter	tons_port_m	tons_source
Ashdod	2008	1	24097	Q1	789324.0	port_row
Ashdod	2008	2	24098	Q1	967407.0	port_row
Ashdod	2008	3	24099	Q1	1331155.0	port_row
Ashdod	2008	4	24100	Q2	1169886.0	port_row
Ashdod	2008	5	24101	Q2	1214213.0	port_row
Ashdod	2008	6	24102	Q2	1225146.0	port_row
Ashdod	2008	7	24103	Q3	1488748.0	port_row
Ashdod	2008	8	24104	Q3	1447610.0	port_row
Ashdod	2008	9	24105	Q3	1232531.0	port_row
Ashdod	2008	10	24106	Q4	1254503.0	port_row
Ashdod	2008	11	24107	Q4	1408462.0	port_row
Ashdod	2008	12	24108	Q4	1386282.0	port_row
Ashdod	2010	1	24121	Q1	1487386.0	port_row
Ashdod	2010	2	24122	Q1	1507974.0	port_row
Ashdod	2010	3	24123	Q1	1677514.0	port_row
Ashdod	2010	4	24124	Q2	1634874.0	port_row
Ashdod	2010	5	24125	Q2	1653914.0	port_row
Ashdod	2010	6	24126	Q2	1640101.0	port_row
Ashdod	2010	7	24127	Q3	1443589.0	port_row
Ashdod	2010	8	24128	Q3	1589659.0	port_row
Ashdod	2010	9	24129	Q3	1201755.0	port_row
Ashdod	2010	10	24130	Q4	1581262.0	port_row
Ashdod	2010	11	24131	Q4	1548865.0	port_row
Ashdod	2010	12	24132	Q4	1568111.0	port_row
Ashdod	2011	1	24133	Q1	1448705.2000000002	port_row
Ashdod	2011	2	24134	Q1	1526429.2	port_row
Ashdod	2011	3	24135	Q1	1992598.4000000001	port_row
Ashdod	2011	4	24136	Q2	1612125.0999999999	port_row
Ashdod	2011	5	24137	Q2	1639217.7999999998	port_row
Ashdod	2011	6	24138	Q2	1607785.5999999999	port_row
Ashdod	2011	7	24139	Q3	1577841.4	port_row
Ashdod	2011	8	24140	Q3	1750676.8	port_row
Ashdod	2011	9	24141	Q3	1464863.9000000001	port_row
Ashdod	2011	10	24142	Q4	1552159.1	port_row
Ashdod	2011	11	24143	Q4	1478645.5	port_row
Ashdod	2011	12	24144	Q4	1564385.8	port_row
Ashdod	2012	1	24145	Q1	1654667.0	port_row
Ashdod	2012	2	24146	Q1	1303313.7	port_row
Ashdod	2012	3	24147	Q1	1624453.2	port_row
Ashdod	2012	4	24148	Q2	1735597.7	port_row
Ashdod	2012	5	24149	Q2	1934621.9000000001	port_row
Ashdod	2012	6	24150	Q2	1653757.5999999999	port_row
Ashdod	2012	7	24151	Q3	1885340.9	port_row
Ashdod	2012	8	24152	Q3	1937916.4000000001	port_row
Ashdod	2012	9	24153	Q3	1377041.3	port_row
Ashdod	2012	10	24154	Q4	1616420.7	port_row
Ashdod	2012	11	24155	Q4	1380159.2	port_row
Ashdod	2012	12	24156	Q4	1511124.8	port_row
Ashdod	2013	1	24157	Q1	1484351.7999999998	port_row
Ashdod	2013	2	24158	Q1	1608608.4000000001	port_row
Ashdod	2013	3	24159	Q1	1513049.9	port_row
Ashdod	2013	4	24160	Q2	1760986.7	port_row
Ashdod	2013	5	24161	Q2	1807982.0999999999	port_row
Ashdod	2013	6	24162	Q2	1711845.8	port_row
Ashdod	2013	7	24163	Q3	1821023.7	port_row
Ashdod	2013	8	24164	Q3	1579696.3	port_row
Ashdod	2013	9	24165	Q3	1322822.7	port_row
Ashdod	2013	10	24166	Q4	1568714.3	port_row
Ashdod	2013	11	24167	Q4	1530275.5	port_row
Ashdod	2013	12	24168	Q4	1504203.0999999999	port_row
Ashdod	2014	1	24169	Q1	1920064.883	port_row
Ashdod	2014	2	24170	Q1	1837724.096	port_row
Ashdod	2014	3	24171	Q1	1921768.1609999998	port_row
Ashdod	2014	4	24172	Q2	1454077.0480000002	port_row
Ashdod	2014	5	24173	Q2	1832208.2210000001	port_row
Ashdod	2014	6	24174	Q2	1814163.9009999998	port_row
Ashdod	2014	7	24175	Q3	1669554.369	port_row
Ashdod	2014	8	24176	Q3	1855631.2049999998	port_row
Ashdod	2014	9	24177	Q3	1830413.568	port_row
Ashdod	2014	10	24178	Q4	1705707.7010000001	port_row
Ashdod	2014	11	24179	Q4	1659022.872	port_row
Ashdod	2014	12	24180	Q4	2054402.6770000001	port_row
Ashdod	2015	1	24181	Q1	1752376.553	port_row
Ashdod	2015	2	24182	Q1	1546442.546	port_row
Ashdod	2015	3	24183	Q1	2052655.4500000002	port_row
Ashdod	2015	4	24184	Q2	1594157.53	port_row
Ashdod	2015	5	24185	Q2	1938223.863	port_row
Ashdod	2015	6	24186	Q2	2029901.66	port_row
Ashdod	2015	7	24187	Q3	1931978.1330000001	port_row
Ashdod	2015	8	24188	Q3	1944713.4430000002	port_row
Ashdod	2015	9	24189	Q3	1667770.489	port_row
Ashdod	2015	10	24190	Q4	1884551.243	port_row
Ashdod	2015	11	24191	Q4	1913449.846	port_row
Ashdod	2015	12	24192	Q4	2017264.0960000001	port_row
Ashdod	2016	1	24193	Q1	1850074.737	port_row
Ashdod	2016	2	24194	Q1	1876305.2929999998	port_row
Ashdod	2016	3	24195	Q1	2190340.875	port_row
Ashdod	2016	4	24196	Q2	1900095.204	port_row
Ashdod	2016	5	24197	Q2	2343729.806	port_row
Ashdod	2016	6	24198	Q2	2160076.032	port_row
Ashdod	2016	7	24199	Q3	1969651.699	port_row
Ashdod	2016	8	24200	Q3	2200069.23	port_row
Ashdod	2016	9	24201	Q3	2060654.845	port_row
Ashdod	2016	10	24202	Q4	1535362.4	port_row
Ashdod	2016	11	24203	Q4	2083301.0	port_row
Ashdod	2016	12	24204	Q4	1916756.8	port_row
Ashdod	2017	1	24205	Q1	2046010.2999999998	port_row
Ashdod	2017	2	24206	Q1	1859265.7999999998	port_row
Ashdod	2017	3	24207	Q1	2044830.4000000001	port_row
Ashdod	2017	4	24208	Q2	1860419.625	port_row
Ashdod	2017	5	24209	Q2	2052046.3	port_row
Ashdod	2017	6	24210	Q2	1974351.0	port_row
Ashdod	2017	7	24211	Q3	2107158.249	port_row
Ashdod	2017	8	24212	Q3	2045322.7110000001	port_row
Ashdod	2017	9	24213	Q3	1813764.76	port_row
Ashdod	2017	10	24214	Q4	1845309.195	port_row
Ashdod	2017	11	24215	Q4	2051298.1469999999	port_row
Ashdod	2017	12	24216	Q4	1884772.599	port_row
Ashdod	2018	1	24217	Q1	2003195.046	port_row
Ashdod	2018	2	24218	Q1	1853087.047	port_row
Ashdod	2018	3	24219	Q1	1899461.314	port_row
Ashdod	2018	4	24220	Q2	1925889.287	port_row
Ashdod	2018	5	24221	Q2	1982586.069	port_row
Ashdod	2018	6	24222	Q2	1971086.063	port_row
Ashdod	2018	7	24223	Q3	2204184.377	port_row
Ashdod	2018	8	24224	Q3	2189938.196	port_row
Ashdod	2018	9	24225	Q3	1524789.63	port_row
Ashdod	2018	10	24226	Q4	2025302.49	port_row
Ashdod	2018	11	24227	Q4	2055397.323	port_row
Ashdod	2018	12	24228	Q4	1840130.271	port_row
Ashdod	2019	1	24229	Q1	1957516.591	port_row
Ashdod	2019	2	24230	Q1	1858875.069	port_row
Ashdod	2019	3	24231	Q1	1896987.78	port_row
Ashdod	2019	4	24232	Q2	2000467.108	port_row
Ashdod	2019	5	24233	Q2	2054487.8950000003	port_row
Ashdod	2019	6	24234	Q2	1958733.9710000001	port_row
Ashdod	2019	7	24235	Q3	2197893.836	port_row
Ashdod	2019	8	24236	Q3	2181836.7509999997	port_row
Ashdod	2019	9	24237	Q3	1892738.77	port_row
Ashdod	2019	10	24238	Q4	1792693.28	port_row
Ashdod	2019	11	24239	Q4	1982382.752	port_row
Ashdod	2019	12	24240	Q4	1815306.523	port_row
Ashdod	2020	1	24241	Q1	1835242.0999999999	port_row
Ashdod	2020	2	24242	Q1	1933438.078	port_row
Ashdod	2020	3	24243	Q1	1856792.1169999999	port_row
Ashdod	2020	4	24244	Q2	1850266.5050000001	port_row
Ashdod	2020	5	24245	Q2	1997070.614	port_row
Ashdod	2020	6	24246	Q2	2044783.716	port_row
Ashdod	2020	7	24247	Q3	2081313.4279999998	port_row
Ashdod	2020	8	24248	Q3	2099862.499	port_row
Ashdod	2020	9	24249	Q3	1946341.7999999998	port_row
Ashdod	2020	10	24250	Q4	2106747.689	port_row
Ashdod	2020	11	24251	Q4	2089987.7999999998	port_row
Ashdod	2020	12	24252	Q4	2131800.0379999997	port_row
Ashdod	2021	1	24253	Q1	1978636.9	port_row
Ashdod	2021	2	24254	Q1	1874818.0	port_row
Ashdod	2021	3	24255	Q1	2055116.9	port_row
Ashdod	2021	4	24256	Q2	1879225.8	port_row
Ashdod	2021	5	24257	Q2	1939299.0	port_row
Ashdod	2021	6	24258	Q2	2051865.6	port_row
Ashdod	2021	7	24259	Q3	1922524.0	port_row
Ashdod	2021	8	24260	Q3	9638.199999999999	sum_terminals
Ashdod	2021	9	24261	Q3	8030.799999999999	sum_terminals
Ashdod	2021	10	24262	Q4	9805.0	sum_terminals
Ashdod	2021	11	24263	Q4	8845.2	sum_terminals
Ashdod	2021	12	24264	Q4	12496.4	sum_terminals
Ashdod	2022	1	24265	Q1	12510.18	sum_terminals
Ashdod	2022	2	24266	Q1	16968.18	sum_terminals
Ashdod	2022	3	24267	Q1	14723.4	sum_terminals
Ashdod	2022	4	24268	Q2	23690.2	sum_terminals
Ashdod	2022	5	24269	Q2	56551.6	sum_terminals
Ashdod	2022	6	24270	Q2	65319.074	sum_terminals
Ashdod	2022	7	24271	Q3	114924.8	sum_terminals
Ashdod	2022	8	24272	Q3	140682.368	sum_terminals
Ashdod	2022	9	24273	Q3	200778.11	sum_terminals
Ashdod	2022	10	24274	Q4	130114.56559999999	sum_terminals
Ashdod	2022	11	24275	Q4	241208.515	sum_terminals
Ashdod	2022	12	24276	Q4	187668.07	sum_terminals
Ashdod	2023	1	24277	Q1	258278.23665	sum_terminals
Ashdod	2023	2	24278	Q1	283199.840693	sum_terminals
Ashdod	2023	3	24279	Q1	278018.026541	sum_terminals
Ashdod	2023	4	24280	Q2	391020.456997	sum_terminals
Ashdod	2023	5	24281	Q2	534109.988779999	sum_terminals
Ashdod	2023	6	24282	Q2	515324.783153	sum_terminals
Ashdod	2023	7	24283	Q3	354185.78699562	sum_terminals
Ashdod	2023	8	24284	Q3	448523.403704	sum_terminals
Ashdod	2023	9	24285	Q3	484714.013363	sum_terminals
Ashdod	2023	10	24286	Q4	339460.035671	sum_terminals
Ashdod	2023	11	24287	Q4	250565.69282	sum_terminals
Ashdod	2023	12	24288	Q4	145001.31436999998	sum_terminals
Ashdod	2024	1	24289	Q1	172316.843482	sum_terminals
Ashdod	2024	2	24290	Q1	301566.288237	sum_terminals
Ashdod	2024	3	24291	Q1	404137.175067999	sum_terminals
Ashdod	2024	4	24292	Q2	447052.43409	sum_terminals
Ashdod	2024	5	24293	Q2	612965.040907001	sum_terminals
Ashdod	2024	6	24294	Q2	557492.796	sum_terminals
Ashdod	2024	7	24295	Q3	618378.3988699999	sum_terminals
Ashdod	2024	8	24296	Q3	604186.649428001	sum_terminals
Ashdod	2024	9	24297	Q3	561265.311859	sum_terminals
Ashdod	2024	10	24298	Q4	486900.45149899996	sum_terminals
Ashdod	2024	11	24299	Q4	560874.9182579999	sum_terminals
Ashdod	2024	12	24300	Q4	524650.456194001	sum_terminals
Ashdod	2025	1	24301	Q1	445801.58999999997	sum_terminals
Ashdod	2025	2	24302	Q1	500210.11199999996	sum_terminals
Ashdod	2025	3	24303	Q1	525431.921	sum_terminals
Ashdod	2025	4	24304	Q2	598791.196	sum_terminals
Ashdod	2025	5	24305	Q2	542021.422	sum_terminals
Ashdod	2025	6	24306	Q2	501414.744	sum_terminals
Ashdod	2025	7	24307	Q3	914638.2710000001	sum_terminals
Ashdod	2025	8	24308	Q3	604286.0090000001	sum_terminals
Haifa	2008	1	24097	Q1	1575343.0	port_row
Haifa	2008	2	24098	Q1	1212838.0	port_row
Haifa	2008	3	24099	Q1	1785073.0	port_row
Haifa	2008	4	24100	Q2	1769230.0	port_row
Haifa	2008	5	24101	Q2	1813838.0	port_row
Haifa	2008	6	24102	Q2	1688466.0	port_row
Haifa	2008	7	24103	Q3	1763813.0	port_row
Haifa	2008	8	24104	Q3	1733596.0	port_row
Haifa	2008	9	24105	Q3	1469086.0	port_row
Haifa	2008	10	24106	Q4	1692932.0	port_row
Haifa	2008	11	24107	Q4	1596689.0	port_row
Haifa	2008	12	24108	Q4	1711888.0	port_row
Haifa	2010	1	24121	Q1	1674912.0	port_row
Haifa	2010	2	24122	Q1	1615840.0	port_row
Haifa	2010	3	24123	Q1	1954480.0	port_row
Haifa	2010	4	24124	Q2	1877809.0	port_row
Haifa	2010	5	24125	Q2	1899701.0	port_row
Haifa	2010	6	24126	Q2	1939198.0	port_row
Haifa	2010	7	24127	Q3	1990747.0	port_row
Haifa	2010	8	24128	Q3	1936847.0	port_row
Haifa	2010	9	24129	Q3	1774372.0	port_row
Haifa	2010	10	24130	Q4	1767699.3	port_row
Haifa	2010	11	24131	Q4	1721241.2	port_row
Haifa	2010	12	24132	Q4	1684631.9000000001	port_row
Haifa	2011	1	24133	Q1	1525170.5	port_row
Haifa	2011	2	24134	Q1	1737424.8	port_row
Haifa	2011	3	24135	Q1	2080636.8000000003	port_row
Haifa	2011	4	24136	Q2	1911060.5	port_row
Haifa	2011	5	24137	Q2	2014700.1	port_row
Haifa	2011	6	24138	Q2	2141537.9	port_row
Haifa	2011	7	24139	Q3	1949421.1	port_row
Haifa	2011	8	24140	Q3	2038212.0	port_row
Haifa	2011	9	24141	Q3	1656888.0999999999	port_row
Haifa	2011	10	24142	Q4	2000285.3	port_row
Haifa	2011	11	24143	Q4	1854520.2	port_row
Haifa	2011	12	24144	Q4	1642383.5999999999	port_row
Haifa	2012	1	24145	Q1	2052133.5	port_row
Haifa	2012	2	24146	Q1	1620415.9	port_row
Haifa	2012	3	24147	Q1	2278564.5	port_row
Haifa	2012	4	24148	Q2	2064399.1999999997	port_row
Haifa	2012	5	24149	Q2	2277282.7	port_row
Haifa	2012	6	24150	Q2	1909408.7999999998	port_row
Haifa	2012	7	24151	Q3	2015107.2999999998	port_row
Haifa	2012	8	24152	Q3	2057228.5999999999	port_row
Haifa	2012	9	24153	Q3	1826906.8	port_row
Haifa	2012	10	24154	Q4	1994132.0	port_row
Haifa	2012	11	24155	Q4	1874525.5	port_row
Haifa	2012	12	24156	Q4	2018011.4000000001	port_row
Haifa	2013	1	24157	Q1	2187571.4	port_row
Haifa	2013	2	24158	Q1	2106727.9	port_row
Haifa	2013	3	24159	Q1	2219355.0	port_row
Haifa	2013	4	24160	Q2	2419272.5999999996	port_row
Haifa	2013	5	24161	Q2	2464014.4	port_row
Haifa	2013	6	24162	Q2	2137980.9	port_row
Haifa	2013	7	24163	Q3	2271838.4	port_row
Haifa	2013	8	24164	Q3	2358908.1999999997	port_row
Haifa	2013	9	24165	Q3	1915923.0	port_row
Haifa	2013	10	24166	Q4	1745361.9000000001	port_row
Haifa	2013	11	24167	Q4	1842282.4000000001	port_row
Haifa	2013	12	24168	Q4	2118601.6	port_row
Haifa	2014	1	24169	Q1	2205212.9359999998	port_row
Haifa	2014	2	24170	Q1	1830651.171	port_row
Haifa	2014	3	24171	Q1	2272564.187	port_row
Haifa	2014	4	24172	Q2	2433022.507	port_row
Haifa	2014	5	24173	Q2	2412002.048	port_row
Haifa	2014	6	24174	Q2	2387710.084	port_row
Haifa	2014	7	24175	Q3	2627396.197	port_row
Haifa	2014	8	24176	Q3	2257762.444	port_row
Haifa	2014	9	24177	Q3	2234985.833	port_row
Haifa	2014	10	24178	Q4	2264157.298	port_row
Haifa	2014	11	24179	Q4	2147511.7169999997	port_row
Haifa	2014	12	24180	Q4	2427180.4790000003	port_row
Haifa	2015	1	24181	Q1	2221024.496	port_row
Haifa	2015	2	24182	Q1	2162030.125	port_row
Haifa	2015	3	24183	Q1	2712242.33	port_row
Haifa	2015	4	24184	Q2	2200941.6	port_row
Haifa	2015	5	24185	Q2	2276690.3000000003	port_row
Haifa	2015	6	24186	Q2	2253838.4	port_row
Haifa	2015	7	24187	Q3	2174053.5	port_row
Haifa	2015	8	24188	Q3	2025907.0999999999	port_row
Haifa	2015	9	24189	Q3	2190489.9	port_row
Haifa	2015	10	24190	Q4	2365033.3000000003	port_row
Haifa	2015	11	24191	Q4	2279477.5	port_row
Haifa	2015	12	24192	Q4	2397698.6999999997	port_row
Haifa	2016	1	24193	Q1	2313453.611	port_row
Haifa	2016	2	24194	Q1	2313537.246	port_row
Haifa	2016	3	24195	Q1	2523987.039	port_row
Haifa	2016	4	24196	Q2	2223569.113	port_row
Haifa	2016	5	24197	Q2	2663624.3800000004	port_row
Haifa	2016	6	24198	Q2	2309499.557	port_row
Haifa	2016	7	24199	Q3	2242265.803	port_row
Haifa	2016	8	24200	Q3	2184177.0	port_row
Haifa	2016	9	24201	Q3	2149087.2970000003	port_row
Haifa	2016	10	24202	Q4	2329787.3	port_row
Haifa	2016	11	24203	Q4	2305655.3359999997	port_row
Haifa	2016	12	24204	Q4	2467926.2229999998	port_row
Haifa	2017	1	24205	Q1	2463603.01	port_row
Haifa	2017	2	24206	Q1	2122782.523	port_row
Haifa	2017	3	24207	Q1	2557766.9099999997	port_row
Haifa	2017	4	24208	Q2	2611991.3000000003	port_row
Haifa	2017	5	24209	Q2	2493674.14	port_row
Haifa	2017	6	24210	Q2	2588712.2720000003	port_row
Haifa	2017	7	24211	Q3	2401290.3230000003	port_row
Haifa	2017	8	24212	Q3	2515560.25	port_row
Haifa	2017	9	24213	Q3	2263360.16	port_row
Haifa	2017	10	24214	Q4	2445451.0500000003	port_row
Haifa	2017	11	24215	Q4	2329070.546	port_row
Haifa	2017	12	24216	Q4	2458541.686	port_row
Haifa	2018	1	24217	Q1	2432458.313	port_row
Haifa	2018	2	24218	Q1	2617941.7199999997	port_row
Haifa	2018	3	24219	Q1	2530486.29	port_row
Haifa	2018	4	24220	Q2	2830216.76	port_row
Haifa	2018	5	24221	Q2	2650406.0009999997	port_row
Haifa	2018	6	24222	Q2	2475433.3310000002	port_row
Haifa	2018	7	24223	Q3	2246470.07	port_row
Haifa	2018	8	24224	Q3	2254746.21	port_row
Haifa	2018	9	24225	Q3	2282924.06	port_row
Haifa	2018	10	24226	Q4	2442325.644	port_row
Haifa	2018	11	24227	Q4	2369774.08	port_row
Haifa	2018	12	24228	Q4	2397849.86	port_row
Haifa	2019	1	24229	Q1	2470007.68	port_row
Haifa	2019	2	24230	Q1	2325576.96	port_row
Haifa	2019	3	24231	Q1	2816989.27	port_row
Haifa	2019	4	24232	Q2	2526060.42	port_row
Haifa	2019	5	24233	Q2	2426771.23	port_row
Haifa	2019	6	24234	Q2	2482651.89	port_row
Haifa	2019	7	24235	Q3	2459658.8200000003	port_row
Haifa	2019	8	24236	Q3	2214668.53	port_row
Haifa	2019	9	24237	Q3	2192670.23	port_row
Haifa	2019	10	24238	Q4	2862368.2199999997	port_row
Haifa	2019	11	24239	Q4	2138066.59	port_row
Haifa	2019	12	24240	Q4	2168776.42	port_row
Haifa	2020	1	24241	Q1	2540187.838	port_row
Haifa	2020	2	24242	Q1	2352277.288	port_row
Haifa	2020	3	24243	Q1	2597155.57	port_row
Haifa	2020	4	24244	Q2	2293926.19	port_row
Haifa	2020	5	24245	Q2	2317983.4639999997	port_row
Haifa	2020	6	24246	Q2	1967243.95	port_row
Haifa	2020	7	24247	Q3	1982088.98	port_row
Haifa	2020	8	24248	Q3	2307125.04	port_row
Haifa	2020	9	24249	Q3	2066419.62	port_row
Haifa	2020	10	24250	Q4	2266698.5	port_row
Haifa	2020	11	24251	Q4	2028255.7489999998	port_row
Haifa	2020	12	24252	Q4	2078591.4899999998	port_row
Haifa	2021	1	24253	Q1	1498345.5	port_row
Haifa	2021	2	24254	Q1	1407982.0999999999	port_row
Haifa	2021	3	24255	Q1	1500388.3	port_row
Haifa	2021	4	24256	Q2	1514385.0999999999	port_row
Haifa	2021	5	24257	Q2	1459727.5	port_row
Haifa	2021	6	24258	Q2	1498401.0	port_row
Haifa	2021	7	24259	Q3	6369.799999999999	sum_terminals
Haifa	2021	8	24260	Q3	7100.0	sum_terminals
Haifa	2021	9	24261	Q3	1730.3999999999999	sum_terminals
Haifa	2021	10	24262	Q4	18082.8	sum_terminals
Haifa	2021	11	24263	Q4	19484.0	sum_terminals
Haifa	2021	12	24264	Q4	22448.0	sum_terminals
Haifa	2022	1	24265	Q1	70229.389	sum_terminals
Haifa	2022	2	24266	Q1	80312.83	sum_terminals
Haifa	2022	3	24267	Q1	113695.78300000001	sum_terminals
Haifa	2022	4	24268	Q2	183084.415	sum_terminals
Haifa	2022	5	24269	Q2	294928.001	sum_terminals
Haifa	2022	6	24270	Q2	259772.356	sum_terminals
Haifa	2022	7	24271	Q3	356585.872	sum_terminals
Haifa	2022	8	24272	Q3	389607.91000000003	sum_terminals
Haifa	2022	9	24273	Q3	441155.69399999996	sum_terminals
Haifa	2022	10	24274	Q4	465296.03500000003	sum_terminals
Haifa	2022	11	24275	Q4	604526.071	sum_terminals
Haifa	2022	12	24276	Q4	645669.523	sum_terminals
Haifa	2023	1	24277	Q1	818797.296	sum_terminals
Haifa	2023	2	24278	Q1	699640.591	sum_terminals
Haifa	2023	3	24279	Q1	886173.937	sum_terminals
Haifa	2023	4	24280	Q2	909574.218	sum_terminals
Haifa	2023	5	24281	Q2	827134.322	sum_terminals
Haifa	2023	6	24282	Q2	785214.804	sum_terminals
Haifa	2023	7	24283	Q3	804568.525	sum_terminals
Haifa	2023	8	24284	Q3	664269.049	sum_terminals
Haifa	2023	9	24285	Q3	770633.742	sum_terminals
Haifa	2023	10	24286	Q4	563273.7	sum_terminals
Haifa	2023	11	24287	Q4	466260.267	sum_terminals
Haifa	2023	12	24288	Q4	393756.53599999996	sum_terminals
Haifa	2024	1	24289	Q1	426689.837	sum_terminals
Haifa	2024	2	24290	Q1	497526.081	sum_terminals
Haifa	2024	3	24291	Q1	606017.034	sum_terminals
Haifa	2024	4	24292	Q2	361245.19	sum_terminals
Haifa	2024	5	24293	Q2	563072.027	sum_terminals
Haifa	2024	6	24294	Q2	347620.456	sum_terminals
Haifa	2024	7	24295	Q3	352176.361	sum_terminals
Haifa	2024	8	24296	Q3	408474.84500000003	sum_terminals
Haifa	2024	9	24297	Q3	397717.295	sum_terminals
Haifa	2024	10	24298	Q4	441459.022	sum_terminals
Haifa	2024	11	24299	Q4	418159.261	sum_terminals
Haifa	2024	12	24300	Q4	429429.71499999997	sum_terminals
Haifa	2025	1	24301	Q1	491298.54699999996	sum_terminals
Haifa	2025	2	24302	Q1	537610.0719999999	sum_terminals
Haifa	2025	3	24303	Q1	474635.74799999996	sum_terminals
Haifa	2025	4	24304	Q2	463038.444	sum_terminals
Haifa	2025	5	24305	Q2	491606.543	sum_terminals
Haifa	2025	6	24306	Q2	397801.964	sum_terminals
Haifa	2025	7	24307	Q3	439677.45	sum_terminals
Haifa	2025	8	24308	Q3	518395.27599999995	sum_terminals
